Name,Phone Number,Email,Age
Ay≈üe,5302191957,ayse@ayse.com,23
Fatma,5302191957,fatma@fatma.com,24
Ali,5302191957,ali@ali.com,25
Veli,5302191957,veli@veli.com,26
Veli,5302191957,veli@veli.com,26
Veli,5302191957,veli@veli.com,26
Veli,5302191957,veli@veli.com,26
Veli,5302191957,veli@veli.com,26
Veli,5302191957,veli@veli.com,26
Veli,5302191957,veli@veli.com,26
Veli,5302191957,veli@veli.com,26
Veli,5302191957,veli@veli.com,26
Veli,5302191957,veli@veli.com,26
Veli,5302191957,veli@veli.com,26
Veli,5302191957,veli@veli.com,26
Veli,5302191957,veli@veli.com,26
Veli,5302191957,veli@veli.com,26
Veli,5302191957,veli@veli.com,26
Veli,5302191957,veli@veli.com,26
Veli,5302191957,veli@veli.com,26
Veli,5302191957,veli@veli.com,26
Veli,5302191957,veli@veli.com,26
Veli,5302191957,veli@veli.com,26
Veli,5302191957,veli@veli.com,26
Veli,5302191957,veli@veli.com,26
Veli,5302191957,veli@veli.com,26
Veli,5302191957,veli@veli.com,26
Veli,5302191957,veli@veli.com,26
Veli,5302191957,veli@veli.com,26
Veli,5302191957,veli@veli.com,26
Veli,5302191957,veli@veli.com,26
Veli,5302191957,veli@veli.com,26
Veli,5302191957,veli@veli.com,26
Veli,5302191957,veli@veli.com,26
Veli,5302191957,veli@veli.com,26
Veli,5302191957,veli@veli.com,26
Veli,5302191957,veli@veli.com,26
Veli,5302191957,veli@veli.com,26
Veli,5302191957,veli@veli.com,26
Veli,5302191957,veli@veli.com,26
Veli,5302191957,veli@veli.com,26
Veli,5302191957,veli@veli.com,26
Veli,5302191957,veli@veli.com,26
Veli,5302191957,veli@veli.com,26
Veli,5302191957,veli@veli.com,26
Veli,5302191957,veli@veli.com,26
Veli,5302191957,veli@veli.com,26
Veli,5302191957,veli@veli.com,26
Veli,5302191957,veli@veli.com,26
Veli,5302191957,veli@veli.com,26
Veli,5302191957,veli@veli.com,26
Veli,5302191957,veli@veli.com,26
Veli,5302191957,veli@veli.com,26
Veli,5302191957,veli@veli.com,26
Veli,5302191957,veli@veli.com,26
Veli,5302191957,veli@veli.com,26
Veli,5302191957,veli@veli.com,26
Veli,5302191957,veli@veli.com,26
Veli,5302191957,veli@veli.com,26
Veli,5302191957,veli@veli.com,26
Veli,5302191957,veli@veli.com,26
Veli,5302191957,veli@veli.com,26
Veli,5302191957,veli@veli.com,26
Veli,5302191957,veli@veli.com,26
Veli,5302191957,veli@veli.com,26
Veli,5302191957,veli@veli.com,26
Veli,5302191957,veli@veli.com,26
Veli,5302191957,veli@veli.com,26
Veli,5302191957,veli@veli.com,26
Veli,5302191957,veli@veli.com,26
Veli,5302191957,veli@veli.com,26
Veli,5302191957,veli@veli.com,26
Veli,5302191957,veli@veli.com,26
Veli,5302191957,veli@veli.com,26
Veli,5302191957,veli@veli.com,26
Veli,5302191957,veli@veli.com,26
Veli,5302191957,veli@veli.com,26
Veli,5302191957,veli@veli.com,26
Veli,5302191957,veli@veli.com,26
Veli,5302191957,veli@veli.com,26
Veli,5302191957,veli@veli.com,26
Veli,5302191957,veli@veli.com,26
Veli,5302191957,veli@veli.com,26
Veli,5302191957,veli@veli.com,26
Veli,5302191957,veli@veli.com,26
Veli,5302191957,veli@veli.com,26
Veli,5302191957,veli@veli.com,26
Veli,5302191957,veli@veli.com,26
Veli,5302191957,veli@veli.com,26
Veli,5302191957,veli@veli.com,26
Veli,5302191957,veli@veli.com,26
Veli,5302191957,veli@veli.com,26
Veli,5302191957,veli@veli.com,26
Veli,5302191957,veli@veli.com,26
Veli,5302191957,veli@veli.com,26
Veli,5302191957,veli@veli.com,26
Veli,5302191957,veli@veli.com,26
Veli,5302191957,veli@veli.com,26
Veli,5302191957,veli@veli.com,26
Veli,5302191957,veli@veli.com,26
Veli,5302191957,veli@veli.com,26
Veli,5302191957,veli@veli.com,26
Veli,5302191957,veli@veli.com,26
Veli,5302191957,veli@veli.com,26
Veli,5302191957,veli@veli.com,26
Veli,5302191957,veli@veli.com,26
Veli,5302191957,veli@veli.com,26
Veli,5302191957,veli@veli.com,26
Veli,5302191957,veli@veli.com,26
Veli,5302191957,veli@veli.com,26
Veli,5302191957,veli@veli.com,26
Veli,5302191957,veli@veli.com,26
Veli,5302191957,veli@veli.com,26
Veli,5302191957,veli@veli.com,26
Veli,5302191957,veli@veli.com,26
Veli,5302191957,veli@veli.com,26
Veli,5302191957,veli@veli.com,26
Veli,5302191957,veli@veli.com,26
Veli,5302191957,veli@veli.com,26
Veli,5302191957,veli@veli.com,26
Veli,5302191957,veli@veli.com,26
Veli,5302191957,veli@veli.com,26
Veli,5302191957,veli@veli.com,26
Veli,5302191957,veli@veli.com,26
Veli,5302191957,veli@veli.com,26
Veli,5302191957,veli@veli.com,26
Veli,5302191957,veli@veli.com,26
Veli,5302191957,veli@veli.com,26
Veli,5302191957,veli@veli.com,26
Veli,5302191957,veli@veli.com,26
Veli,5302191957,veli@veli.com,26
Veli,5302191957,veli@veli.com,26
Veli,5302191957,veli@veli.com,26
Veli,5302191957,veli@veli.com,26
Veli,5302191957,veli@veli.com,26
Veli,5302191957,veli@veli.com,26
Veli,5302191957,veli@veli.com,26
Veli,5302191957,veli@veli.com,26
Veli,5302191957,veli@veli.com,26
Veli,5302191957,veli@veli.com,26
Veli,5302191957,veli@veli.com,26
Veli,5302191957,veli@veli.com,26
Veli,5302191957,veli@veli.com,26
Veli,5302191957,veli@veli.com,26
Veli,5302191957,veli@veli.com,26
Veli,5302191957,veli@veli.com,26
Veli,5302191957,veli@veli.com,26
Veli,5302191957,veli@veli.com,26
Veli,5302191957,veli@veli.com,26
Veli,5302191957,veli@veli.com,26
Veli,5302191957,veli@veli.com,26
Veli,5302191957,veli@veli.com,26
Veli,5302191957,veli@veli.com,26
Veli,5302191957,veli@veli.com,26
Veli,5302191957,veli@veli.com,26
Veli,5302191957,veli@veli.com,26
Veli,5302191957,veli@veli.com,26
Veli,5302191957,veli@veli.com,26
Veli,5302191957,veli@veli.com,26
Veli,5302191957,veli@veli.com,26
Veli,5302191957,veli@veli.com,26
Veli,5302191957,veli@veli.com,26
Veli,5302191957,veli@veli.com,26
Veli,5302191957,veli@veli.com,26
Veli,5302191957,veli@veli.com,26
Veli,5302191957,veli@veli.com,26
Veli,5302191957,veli@veli.com,26
Veli,5302191957,veli@veli.com,26
Veli,5302191957,veli@veli.com,26
Veli,5302191957,veli@veli.com,26
Veli,5302191957,veli@veli.com,26
Veli,5302191957,veli@veli.com,26
Veli,5302191957,veli@veli.com,26
Veli,5302191957,veli@veli.com,26
Veli,5302191957,veli@veli.com,26
Veli,5302191957,veli@veli.com,26
Veli,5302191957,veli@veli.com,26
Veli,5302191957,veli@veli.com,26
Veli,5302191957,veli@veli.com,26
Veli,5302191957,veli@veli.com,26
Veli,5302191957,veli@veli.com,26
Veli,5302191957,veli@veli.com,26
Veli,5302191957,veli@veli.com,26
Veli,5302191957,veli@veli.com,26
Veli,5302191957,veli@veli.com,26
Veli,5302191957,veli@veli.com,26
Veli,5302191957,veli@veli.com,26
Veli,5302191957,veli@veli.com,26
Veli,5302191957,veli@veli.com,26
Veli,5302191957,veli@veli.com,26
Veli,5302191957,veli@veli.com,26
Veli,5302191957,veli@veli.com,26
Veli,5302191957,veli@veli.com,26
Veli,5302191957,veli@veli.com,26
Veli,5302191957,veli@veli.com,26
Veli,5302191957,veli@veli.com,26
Veli,5302191957,veli@veli.com,26
Veli,5302191957,veli@veli.com,26
Veli,5302191957,veli@veli.com,26
Veli,5302191957,veli@veli.com,26
Veli,5302191957,veli@veli.com,26
Veli,5302191957,veli@veli.com,26
Veli,5302191957,veli@veli.com,26
Veli,5302191957,veli@veli.com,26
Veli,5302191957,veli@veli.com,26
Veli,5302191957,veli@veli.com,26
Veli,5302191957,veli@veli.com,26
Veli,5302191957,veli@veli.com,26
Veli,5302191957,veli@veli.com,26
Veli,5302191957,veli@veli.com,26
Veli,5302191957,veli@veli.com,26
Veli,5302191957,veli@veli.com,26
Veli,5302191957,veli@veli.com,26
Veli,5302191957,veli@veli.com,26
Veli,5302191957,veli@veli.com,26
Veli,5302191957,veli@veli.com,26
Veli,5302191957,veli@veli.com,26
Veli,5302191957,veli@veli.com,26
Veli,5302191957,veli@veli.com,26
Veli,5302191957,veli@veli.com,26
Veli,5302191957,veli@veli.com,26
Veli,5302191957,veli@veli.com,26
Veli,5302191957,veli@veli.com,26
Veli,5302191957,veli@veli.com,26
Veli,5302191957,veli@veli.com,26
Veli,5302191957,veli@veli.com,26
Veli,5302191957,veli@veli.com,26
Veli,5302191957,veli@veli.com,26
Veli,5302191957,veli@veli.com,26
Veli,5302191957,veli@veli.com,26
Veli,5302191957,veli@veli.com,26
Veli,5302191957,veli@veli.com,26
Veli,5302191957,veli@veli.com,26
Veli,5302191957,veli@veli.com,26
Veli,5302191957,veli@veli.com,26
Veli,5302191957,veli@veli.com,26
Veli,5302191957,veli@veli.com,26
Veli,5302191957,veli@veli.com,26
Veli,5302191957,veli@veli.com,26
Veli,5302191957,veli@veli.com,26
Veli,5302191957,veli@veli.com,26
Veli,5302191957,veli@veli.com,26
Veli,5302191957,veli@veli.com,26
Veli,5302191957,veli@veli.com,26
Veli,5302191957,veli@veli.com,26
Veli,5302191957,veli@veli.com,26
Veli,5302191957,veli@veli.com,26
Veli,5302191957,veli@veli.com,26
Veli,5302191957,veli@veli.com,26
Veli,5302191957,veli@veli.com,26
Veli,5302191957,veli@veli.com,26
Veli,5302191957,veli@veli.com,26
Veli,5302191957,veli@veli.com,26
Veli,5302191957,veli@veli.com,26
Veli,5302191957,veli@veli.com,26
Veli,5302191957,veli@veli.com,26
Veli,5302191957,veli@veli.com,26
Veli,5302191957,veli@veli.com,26
Veli,5302191957,veli@veli.com,26
Veli,5302191957,veli@veli.com,26
Veli,5302191957,veli@veli.com,26
Veli,5302191957,veli@veli.com,26
Veli,5302191957,veli@veli.com,26
Veli,5302191957,veli@veli.com,26
Veli,5302191957,veli@veli.com,26
Veli,5302191957,veli@veli.com,26
Veli,5302191957,veli@veli.com,26
Veli,5302191957,veli@veli.com,26
Veli,5302191957,veli@veli.com,26
Veli,5302191957,veli@veli.com,26
Veli,5302191957,veli@veli.com,26
Veli,5302191957,veli@veli.com,26
Veli,5302191957,veli@veli.com,26
Veli,5302191957,veli@veli.com,26
Veli,5302191957,veli@veli.com,26
Veli,5302191957,veli@veli.com,26
Veli,5302191957,veli@veli.com,26
Veli,5302191957,veli@veli.com,26
Veli,5302191957,veli@veli.com,26
Veli,5302191957,veli@veli.com,26
Veli,5302191957,veli@veli.com,26
Veli,5302191957,veli@veli.com,26
Veli,5302191957,veli@veli.com,26
Veli,5302191957,veli@veli.com,26
Veli,5302191957,veli@veli.com,26
Veli,5302191957,veli@veli.com,26
Veli,5302191957,veli@veli.com,26
Veli,5302191957,veli@veli.com,26
Veli,5302191957,veli@veli.com,26
Veli,5302191957,veli@veli.com,26
Veli,5302191957,veli@veli.com,26
Veli,5302191957,veli@veli.com,26
Veli,5302191957,veli@veli.com,26
Veli,5302191957,veli@veli.com,26
Veli,5302191957,veli@veli.com,26
Veli,5302191957,veli@veli.com,26
Veli,5302191957,veli@veli.com,26
Veli,5302191957,veli@veli.com,26
Veli,5302191957,veli@veli.com,26
Veli,5302191957,veli@veli.com,26